nama_produk,harga_produk,diskon,banyaknya_terjual,kota_toko
Pisau set Pisau Guntung Dapur 6In1 AntiLengket Warna Kitchen Knife Set6 in1Dengan Wadah Berkualitas,"Rp35,150",52% Off,882 sold,Kab. Tangerang
Spatula Peralatan Masak Sutil Silikon Non Stick Cooking 5 Pcs Kitchenware Spatula Set VS-1808,"Rp21,900",29% Off,11.7K sold,Kota Depok
[Best Seller] Samono Chopper 2L Stainless Multifunctional Power Saving 4 Blades Food Grade 1 Year Guarantee Sw-Cl350,"Rp180,999",64% Off,1.5K sold,Kab. Tangerang
ANQI SHOP Chopper Blender daging penggiling Meat Blender Elektrik Stainless Steel Chopper Grinder/VS1822,"Rp79,126",74% Off,6.5K sold,Kab. Tangerang
Blender Portable Alat Penggiling Pencincang Bumbu Dapur Elektrik Tanpa Kabel Mini Chopper 250ML,"Rp26,432",47% Off,168 sold,Kab. Tangerang
COD Panci Multifungsi Bentuk Kotak Dengan Dua Bulat Kecil Untuk Hamburger / Peralatan Dapur,"Rp64,668",19% Off,607 sold,Kota Jakarta Utara
Blender Jus Portable Juicer 400ML Juicer Cup 6 Mata Pisau USB Electric Blender-136,"Rp51,878",51% Off,2.7K sold,Kab. Tangerang
Milk Coffe Frother Hand Mixer Mini,"Rp11,880",21% Off,262 sold,Kab. Bandung
Panci Listrik Portable FOOD GRADE Anti Lengket Teflon Electric Pan FREE KUKUSAN BERGARANSI RESMI,"Rp41,850",72% Off,690 sold,Kota Jakarta Pusat
Harga Grosir - Hand Mixer / Pengocok Telur Stainless / Hand Mixer Better Beater / Pengaduk Telur,"Rp6,640",70% Off,1.1K sold,Kab. Tangerang
All free-multipurpose stainless grater/8 in 1 vegetable cutter,"Rp21,291",42% Off,222 sold,Kab. Tangerang
Blender Daging Stainless Steel 2 Liter Serbaguna Sayur Buah Kacang Meat Chopper Murah Penggiling Mincer Elektrik Grinder chopper Hand Blender Press 2L Baja tahan karat Serbaguna Multifungsi,"Rp52,189",72% Off,23.9K sold,Kota Jakarta Barat
Blender Daging Chopper Hand Blender Press 2L Penggiling Serbaguna Multifungsi,"Rp57,456",18% Off,68 sold,Kota Bekasi
Blender Chopper Stainless Steel 2 Liter Penggiling Daging Multifungsi,"Rp73,735",63% Off,1.5K sold,Kab. Serang
Mini Mixer Portable / Cappucino Maker/Hand Mixer Elektrik telur dan kopi TWC Store,"Rp12,493",83% Off,807 sold,Kota Surabaya
Intelligent Electric Garlic Machine / Blender Bumbu / Blender Bawang / Mini Chopper Electric,"Rp29,206",4% Off,38.3K sold,Kota Jakarta Utara
Blender Daging Stainless Steel 2 Liter Serbaguna Sayur Buah Kacang Meat Chopper Murah  Mincer Elektrik Grinder chopper Hand Blender Press 2L Baja tahan karat Serbaguna Multifungsi-lls89,"Rp52,320",60% Off,9.2K sold,Kota Jakarta Barat
GELAS BUMBU/KECIL BLENDER MIYAKO NATIONAL-GELAS GILINGAN BUMBU MIKA,"Rp11,832",42% Off,59 sold,Kab. Tangerang
Blender Kapsul 1.5L Serbaguna Cocok Untuk Dapur Rumah Blender Capsule Portable,"Rp59,000",21% Off,44.4K sold,Kab. Tangerang
peralatan dapur super lengkap,"Rp250,000",,132 sold,Kab. Malang
Blender Mini Portable Penghalus Bumbu Dan Mpasi Makanan Bayi / Mini Chopper Blender Mini Portable Terlaris Bisa COD,"Rp28,050",44% Off,10.6K sold,Kota Jakarta Barat
Blender Chopper Stainless 2 Liter Penggiling Daging Electrik Multifungsi,"Rp27,281",73% Off,2.7K sold,Kab. Serang
Promo Blender Capsule Brain Power Cutter Quatre / Blender Kapsul Serbaguna - Rr,"Rp52,189",65% Off,4.7K sold,Kota Jakarta Barat
Blender Daging Stainless Steel Kapasitas 2 liter Gilingan Daging Baja Serbaguna/ Food Chopper Stainless,"Rp28,319",70% Off,46.3K sold,Kota Jakarta Barat
Terlaris Beater Better Manual Mixer Kocokan Telur Telor Cetakan Masakan Dapur,"Rp14,500",59% Off,89 sold,Kab. Bekasi
Pisau Dapur isi 8 pcs - Pisau 1 Set 8 Pcs / pisau 8pcs / Mawar88shop,"Rp33,000",78% Off,6.0K sold,Kota Jakarta Utara
Pisau Dapur Set 6in1 Macaron Bahan Stainless Steel PREMIUM / Kitchen Knife Set Stainless Steel,"Rp19,187",23% Off,46 sold,Kota Medan
"Chopper Blender Daging Penggiling Meat Mincer Elektrik "" STAINLESS STEEL CHOPPER GRINDER ""","Rp33,000",78% Off,3.7K sold,Kota Jakarta Barat
KERANJANG BUMBU KERANJANG DAPUR SERBAGUNA ALEXSIS YUTAKA,"Rp6,929",65% Off,16 sold,Kab. Bekasi
"Hand Mini Blender / Cappucino Maker / Dalgona Coffee Frother / Electric Handy Mixer untuk Telur, Kopi Latte, Mocca","Rp16,900",66% Off,143 sold,Kota Bandung
Mini Blender Multifungsi Portable USB 250ml Electric Meat Grinder Penggiling Daging & Bumbu Elektrik,"Rp28,121",49% Off,5.2K sold,Kab. Tangerang
Hand Mixer Mini Elektrik Pengocok Telur Minuman Alat Peralatan Dapur Kitchen Pelarut Pengaduk Sirup Liquid Whip Cream Whipping Milkshake Froth Adonan Frappe Cappucino Jus Juice Tools Shaker Cake Bakery Kue Kopi Coffee Stainless Grosir Prakarya Malang,"Rp15,900",,161 sold,Kota Malang
BISA COD GRATIS ONGKIR Blender Portable Capsule Penggiling Daging Sayur buah-buah Meat Mincer Chopper Mini Kapsul,"Rp58,410",61% Off,970 sold,Kota Depok
Blender USB Mini Chopper 100 ML Elektrik Tanpa Kabel Food Processor Blender Portable Multifungsi,"Rp29,700",70% Off,1.3K sold,Kota Depok
"Promo Blender portable stainless serbaguna anti karat, Blender Blender Kapsul Cutter Quatre, Dan Blender Mini Elektrik Intelligent Electric Garlic Machine Serbaguna-LLS89","Rp30,680",49% Off,582 sold,Kota Jakarta Barat
stainless BEST SELLER...!!!Blender daging chopper Hand Blender Press 2L bahan stainless steel 304 Serbaguna Multifungsi,"Rp33,000",78% Off,32 sold,Kota Jakarta Barat
Blender portabel cangkir jus isi ulang USB 6 pisau Blender buah cangkir jerami Smoothie pengaduk elektrik / BLENDER MUG / BLENDER MUG PORTEBLE / FOOD PROCESSOR,"Rp53,818",64% Off,540 sold,Kota Depok
KOCOKAN TELUR / WHISKER EGG / KOCOKAN ADONAN / KOCOKAN MANUAL SLESS STEEL,"Rp7,280",,2.2K sold,Kota Jakarta Barat
Chopper Blender Daging Penggiling Meat Blender Elektrik Stainless,"Rp52,848",54% Off,682 sold,Kota Jakarta Barat
Pisau Dapur Stainless Warna / Pisau Buah Dan Sayuran / Pisau Dapur Warna Dengan Pelindung,"Rp4,000",47% Off,290 sold,Kota Jakarta Timur
【Nice1573】panci serbaguna listrik  Panci Listrik / Panci Elektrik Free Kukusan / Panci Penggorengan UKURAN 0.8L,Rp48.000,19% Off,10.3K sold,Kab. Tangerang
Pay on the spot-modern grater 8 in 1/stainless kitchen cutlery,Rp18.727,49% Off,702 sold,Kab. Tangerang
USB Mini Food Processor-Multi-Purpose Mini Blender - Portable Spice Blender - USB Mini Chopper,Rp37.600,57% Off,71 sold,Kab. Tangerang
PROMO! 3 PCS SODET STAINLESS / SPATULA STAINLESS / SUTIL STAINLESS / CUCUTIK MURAH,Rp5.900,61% Off,2.7K sold,Kab. Bekasi
Bayar di tempat Blender Daging Stainless Steel 2 Liter Serbaguna Sayur Buah Kacang Meat Chopper Murah Penggiling Mincer Elektrik Grinder chopper Hand Blender Press 2L Baja tahan karat Serbaguna Multifungsi,Rp33.000,73% Off,1.3K sold,Kota Jakarta Barat
KEPALA LAS SINGLE | GAS LASS TORCH ALAT BAKAR MAKANAN / DAGING TABUNG KECIL | HI COOK KEMPING | ALAT UNTUK MEMANGGANG | WINTEK 888,Rp25.599,27% Off,2.4K sold,Kota Bandung
READY STOK Teflon Set 2 Pcs Fry Pan Set 18 cm dan 25 cm / Gratis Packing Dus dan Bubble Wrap / Teplon Wajan Anti Lengket Bukan Maspion / FryPan Enamel Non Stick Anti Gores / Teflon 2 PCS Fancy FryPan Set Teplon Wajan Anti Lengket,Rp20.999,58% Off,13.2K sold,Kota Jakarta Timur
"PALING MURAH!!! Chopper Blender Daging Penggiling Meat Mincer Elektrik "" STAINLESS STEEL CHOPPER GRINDER """,Rp33.000,78% Off,567 sold,Kota Jakarta Barat
Blender Portable Elektrik Alat Penggiling Bumbu Electric Choper Mini Chopper Dapur Daging Charger Easy Mall,Rp26.990,66% Off,12.5K sold,Kota Jakarta Barat
Blender Daging Stainless Steel 2 Liter Penggiling Daging Elektrik Stainless Kualitas Bagus Chopper Sayur,Rp59.931,39% Off,1.1K sold,Kota Medan
1 Lusin (12 Pcs) Sendok Sayur Sop Kecil Golden Sunkist SSK-6002,Rp14.535,39% Off,730 sold,Kota Surabaya
PISAU DAPUR / PISAU APEL BAHAN STAINLES 1 LUSIN 12 PCS,Rp16.537,45% Off,2.7K sold,Kab. Bekasi
Termurah Blender Daging Stainless Steel 2 Liter Serbaguna Sayur Buah Kacang Meat Chopper Murah Penggiling Mincer Elektrik Grinder chopper Hand Blender Press 2L Baja tahan karat Serbaguna Multifungsi,Rp33.000,58% Off,183 sold,Kota Jakarta Barat
Set Lumpang Alu Kecil TERMURAH SET LUMPANG KAYU KECIL + ALU / Tumbukan Kayu Ulekan Kayu Peralatan Masak Alat Dapur,Rp17.500,12% Off,6 sold,Kab. Blitar
Blender Daging Stainless Steel 2Liter/Chopper Daging 2Liter/ Alat Penggiling Daging,Rp80.610,,155 sold,Kab. Sleman
"MANGKUK PISAU MOUNTING BLENDER NATIONAL, ADVANCE,MIYAKO DLL",Rp16.500,,475 sold,Kota Tangerang
PISAU SULTAN SET KERAMIK 6 IN 1 ANEKA WARNA / PISAU JERAMI,Rp21.400,71% Off,95 sold,Kab. Bekasi
Bakul Nasi Anyaman Bambu Ukuran Kecil Wakul Anyaman Bambu Ceting Boboko Bambu,Rp15.450,11% Off,379 sold,Kab. Garut
Spatula Set Isi 4 Pcs Spatula Sutil Stainless Steel Sotel Peralatan Untuk Masak,Rp33.579,25% Off,198 sold,Kota Bandung
MINI CHOPER ELEKTRIK Electric Garlic mini chopper blender mini cas DIVA STORE,Rp9.900,,83 sold,Kota Surabaya
Chopper Mini Blender Multifungsi Portable Elektrik USB Rechargeable KB010,Rp25.920,60% Off,2.4K sold,Kota Surabaya
ANQI SHOP Chopper Blender daging penggiling Meat Blender Elektrik Stainless Steel Chopper Grinder,Rp69.977,77% Off,4.8K sold,Kab. Tangerang
promo sepesial ahir tahun wajan penggorengan tradisional 100 persen gratis sodet setainlais,Rp13.900,50% Off,1.6K sold,Kab. Cirebon
Blender Chopper Stainless 2L Multifungsi Penggiling Daging Elektrik Penggiling Mixer,Rp77.256,19% Off,33.3K sold,Kab. Tangerang
Pisau Dapur Set Stainless Knife Anti Lengket Isi 6 Pcs / Peralatan Masak Pisau / Pisau Dapur Set Gandum Jerami / Kitchen Knife Set Tajam,Rp22.999,50% Off,21 sold,Kab. Tangerang
Capitan Makanan 3 in 1 Tongs Set Penjepit Jepitan,Rp12.200,19% Off,225 sold,Kota Jakarta Pusat
BIG PROMO..!! WAJAN MINI + SODET LANGSUNG  KUALI MINI  WAJAN ANAK  KUALI ANAK,Rp9.825,42% Off,162 sold,Kab. Garut
Blender Daging Stainless / Alat Giling  Daging/ blender Stainless original /Stainless Meat Grinder/ Penggiling Daging Serbaguna/ Meat Grinder chopper 2 L/ Blender Chopper daging,Rp79.500,47% Off,52 sold,Kota Medan
Chopper Manual Tarikan Speedy - Penggiling Daging dan Bumbu dapur Praktis!,Rp12.200,,,Kab. Wonogiri
Stainless steel meat blender chooper meat grinder meat grinder,Rp33.000,78% Off,1.5K sold,Kota Jakarta Barat
grosir 12 pcs sutil murah,Rp33.341,5% Off,299 sold,Kab. Sidoarjo
Gum Store Blender 2L Daging Serbaguna Stainless Steel Chopper Penggiling Daging Elektrik Multifungsi,Rp81.900,37% Off,153 sold,Kab. Jember
Tatakan Kompor Dudukan Panci Bulat Cincin Serbaguna Dudukan Kompor Gas Bulat Bunga,Rp11.000,63% Off,17 sold,Kota Jakarta Barat
Wholesale price-8 in 1 vegetable grater/grater vegetable and fruit,Rp19.285,48% Off,214 sold,Kab. Tangerang
Mini Food Chopper Blender Tarik Manual Blender Bumbu,Rp18.500,63% Off,201 sold,Kab. Serang
718 Hand Mixer Elektrik Mini – Pengocok Telur Dan Pengaduk Minuman,Rp13.500,25% Off,838 sold,Kab. Cirebon
Tampah Anyaman Bambu Kecil 20 - 50 cm Nampan Bambu Kecil Nyiru Bambu Mini Piring Bambu,Rp11.000,27% Off,976 sold,Kab. Garut
⭐⭐⭐⭐⭐MURAH !! Pisau dapur tajam / Anti Karat / Alat Dapur / Perlengkapan Dapur / Pisau / Pisau Dapur by Faeyza Mall,Rp11.750,38% Off,3.7K sold,Kab. Bekasi
Pisau Set Dapur Serbaguna 6 in 1 EVCRIERH Jerami Warna Warni Anti Karat,Rp16.999,80% Off,83.0K sold,Kab. Bekasi
ANQI SHOP Pisau Set 6IN1 EVCRIERH Stainless Anti Lengket 1 Set isi 6 Termurah VS-1803,Rp20.383,75% Off,1.9K sold,Kab. Tangerang
【Nice1573】panci serbaguna listrik  Panci Listrik / Panci Elektrik Free Kukusan / Panci Penggorengan UKURAN 0.8L,Rp48.000,19% Off,10.3K sold,Kab. Tangerang
Pay on the spot-modern grater 8 in 1/stainless kitchen cutlery,Rp18.727,49% Off,702 sold,Kab. Tangerang
Panci Listrik Portable FOOD GRADE Anti Lengket Teflon Electric Pan FREE KUKUSAN BERGARANSI RESMI,Rp41.850,72% Off,690 sold,Kota Jakarta Pusat
All free-multipurpose stainless grater/8 in 1 vegetable cutter,Rp21.291,42% Off,222 sold,Kab. Tangerang
KUKE USB Mini Chopper 100ML Elektrik Tanpa Kabel / Penggiling Bawang Food Processor Blender Portable,Rp24.658,33% Off,638 sold,Kota Jakarta Barat
Blender Jus Portable Juicer 400ML Juicer Cup 6 Mata Pisau USB Electric Blender-136,Rp51.878,51% Off,2.7K sold,Kab. Tangerang
Blender Daging Stainless Steel 2 Liter Serbaguna Sayur Buah Kacang Meat Chopper Murah  Mincer Elektrik Grinder chopper Hand Blender Press 2L Baja tahan karat Serbaguna Multifungsi-lls89,Rp52.320,60% Off,9.2K sold,Kota Jakarta Barat
Blender Portable Elektrik Alat Penggiling Bumbu Electric Choper Mini Chopper Dapur Daging Charger Easy Mall,Rp26.990,66% Off,12.5K sold,Kota Jakarta Barat
Pisau Set Dapur Serbaguna 6 in 1 EVCRIERH Jerami Warna Warni Anti Karat,Rp16.999,80% Off,83.0K sold,Kab. Bekasi
COD Panci Multifungsi Bentuk Kotak Dengan Dua Bulat Kecil Untuk Hamburger / Peralatan Dapur,Rp64.668,19% Off,607 sold,Kota Jakarta Utara
PISAU DAPUR / PISAU APEL BAHAN STAINLES 1 LUSIN 12 PCS,Rp16.537,45% Off,2.7K sold,Kab. Bekasi
USB Mini Food Processor-Multi-Purpose Mini Blender - Portable Spice Blender - USB Mini Chopper,Rp37.600,57% Off,71 sold,Kab. Tangerang
Blender Daging Chopper Hand Blender Press 2L Penggiling Serbaguna Multifungsi,Rp57.456,18% Off,68 sold,Kota Bekasi
Blender Portable Alat Penggiling Pencincang Bumbu Dapur Elektrik Tanpa Kabel Mini Chopper 250ML,Rp26.432,47% Off,168 sold,Kab. Tangerang
Rice Cooker Magic com TD / Yamakawa ukuran 1.2 L penanak nasi 3 in 1,Rp134.925,10% Off,72 sold,Kota Bekasi
Electric Cooker Panci listrik FASHION Serbaguna multifungsi promo murah tebal penanak nasi 1 L - 2 L anti lengket serba guna 225W,Rp55.062,15% Off,215 sold,Kota Bekasi
promo sepesial ahir tahun wajan penggorengan tradisional 100 persen gratis sodet setainlais,Rp13.900,50% Off,1.6K sold,Kab. Cirebon
Drying pan WLP-208/450W non-stick electric fryer welhome,Rp66.950,50% Off,70 sold,Kota Jakarta Pusat
wajan anti lengket penggorengan 1set wajan kuping anti lengket wajan masak wajan anti lengket penggorengan wajan kuali cekung FREE 1PCS SPONS CUCI,Rp13.900,44% Off,13.1K sold,Kab. Cirebon
Mini Blender Multifungsi Portable USB 250ml Electric Meat Grinder Penggiling Daging & Bumbu Elektrik,Rp28.121,49% Off,5.2K sold,Kab. Tangerang
BISA COD GRATIS ONGKIR Blender Portable Capsule Penggiling Daging Sayur buah-buah Meat Mincer Chopper Mini Kapsul,Rp58.410,61% Off,970 sold,Kota Depok
"MANGKUK PISAU MOUNTING BLENDER NATIONAL, ADVANCE,MIYAKO DLL",Rp16.500,,475 sold,Kota Tangerang
ANQI SHOP Chopper Blender daging penggiling Meat Blender Elektrik Stainless Steel Chopper Grinder,Rp69.977,77% Off,4.8K sold,Kab. Tangerang
Pisau Dapur isi 8 pcs - Pisau 1 Set 8 Pcs / pisau 8pcs / Mawar88shop,Rp33.000,78% Off,6.0K sold,Kota Jakarta Utara
Panci 13Set Cookware Set 13Pcs Anti Lengket Stainless Steel,Rp95.259,24% Off,613 sold,Kota Bekasi
ANQI SHOP Chopper Blender daging penggiling Meat Blender Elektrik Stainless Steel Chopper Grinder/VS1822,Rp79.126,74% Off,6.5K sold,Kab. Tangerang
Blender Daging Chopper Blender Stainless Penggiling daging serbaguna,Rp58.410,51% Off,1.5K sold,Kota Surabaya
Mini Mixer Portable / Cappucino Maker/Hand Mixer Elektrik telur dan kopi TWC Store,Rp12.493,83% Off,807 sold,Kota Surabaya
Blender Kapsul Serbaguna Chopper Daging Plastik Penggiling Daging Listrik 250Watt Multifungsi,Rp50.048,58% Off,4.0K sold,Kab. Tangerang
PANCI SET COOKWARE SET 13 PCS ANTI LENGKET,Rp92.198,19% Off,73 sold,Kota Bekasi
Czech strainer stainles tea strainer sugar and flour,Rp7.800,29% Off,20.0K sold,Kab. Bogor
stainless BEST SELLER...!!!Blender daging chopper Hand Blender Press 2L bahan stainless steel 304 Serbaguna Multifungsi,Rp33.000,78% Off,32 sold,Kota Jakarta Barat
USB mini chopper blender/USB electric garlic grinding machine/mini chopper blender portable meat kitchen spice grinder electric garlic grinder mini garlic grinder,Rp32.500,57% Off,99 sold,Kota Surabaya
Intelligent Electric Garlic Machine / Blender Bumbu / Blender Bawang / Mini Chopper Electric,Rp29.206,4% Off,38.3K sold,Kota Jakarta Utara
Blender Kapsul 1.5L Serbaguna Cocok Untuk Dapur Rumah Blender Capsule Portable,Rp59.000,21% Off,44.4K sold,Kab. Tangerang
WDN BISA COD GRATIS ONGKIR Blender Portable Capsule Penggiling Daging Sayur buah-buah Meat Mincer Chopper Mini Kapsul,Rp63.000,37% Off,749 sold,Kota Depok
Chopper Mini Blender Multifungsi Portable Elektrik USB Rechargeable KB010,Rp25.920,60% Off,2.4K sold,Kota Surabaya
Gum Store Blender 2L Daging Serbaguna Stainless Steel Chopper Penggiling Daging Elektrik Multifungsi,Rp81.900,37% Off,153 sold,Kab. Jember
Blender Mini Serbaguna Blender Capsule 4 Mata Pisau,Rp48.999,48% Off,4.2K sold,Kota Jakarta Barat
Pisau set Pisau Guntung Dapur 6In1 AntiLengket Warna Kitchen Knife Set6 in1Dengan Wadah Berkualitas,Rp35.150,52% Off,882 sold,Kab. Tangerang
